url,slug,page_title,table_count,category_headers,notes
,,7 Hills Run'18 - results,1,,status: draft (no public URL)
,,VELORALY,1,ВЕЛОРАЛИ Ч.В. | ГЕНЕРАЛНО | СПУСКАНЕ | МЪЖЕ ЕЛИТ | ВЕТЕРАНИ 40+ | ЖЕНИ 19+ | ЖЕНИ Мастърс | Младежи под 19 | ОТБОРНО | Момина скала | ЖЕНИ Хоби | МЪЖЕ ХОБИ,"out of scope: bike event, not running results; status: draft (no public URL)"
,,,1,РАНК,status: draft (no public URL)
,,Baba Marta Run'18 - ranking,1,16KM | 10KM | 6KM,status: draft (no public URL)
https://trailseries.bg/%d0%b3%d0%b5%d0%bd%d0%b5%d1%80%d0%b0%d0%bb%d0%bd%d0%be-%d0%ba%d0%bb%d0%b0%d1%81%d0%b8%d1%80%d0%b0%d0%bd%d0%b5-%d1%81%d0%b5%d0%b7%d0%be%d0%bd-8/,генерално-класиране-сезон-8,Генерално класиране - СЕЗОН 8,1,,
https://trailseries.bg/%d0%b3%d0%b5%d0%bd%d0%b5%d1%80%d0%b0%d0%bb%d0%bd%d0%be-%d0%ba%d0%bb%d0%b0%d1%81%d0%b8%d1%80%d0%b0%d0%bd%d0%b522/,генерално-класиране22,Генерално класиране за сезон 2022,1,,
https://trailseries.bg/%d0%b4%d0%bd%d0%b5%d1%81-%d0%b7%d0%b0%d1%82%d0%b2%d0%b0%d1%80%d1%8f-%d1%80%d0%b5%d0%b3%d0%b8%d1%81%d1%82%d1%80%d0%b0%d1%86%d0%b8%d1%8f%d1%82%d0%b0-%d0%b7%d0%b0-%d0%ba%d0%be%d0%bb%d0%b5%d0%b4%d0%bd/,днес-затваря-регистрацията-за-коледн,Днес затваря регистрацията за Коледното бягане. 190 са регистрираните до момента. ,1,,
https://trailseries.bg/%d0%ba%d0%bb%d0%b0%d1%81%d0%b8%d1%80%d0%b0%d0%bd%d0%b5-malak-sechko-run/,класиране-malak-sechko-run,класиране Malak Sechko Run,1,19КМ МЪЖЕ | 19КМ ЖЕНИ | 13КМ МЪЖЕ | 13КМ ЖЕНИ | 6КМ МЪЖЕ | 6КМ ЖЕНИ | 800КМ ДЕЦА,
https://trailseries.bg/%d0%be%d0%b1%d0%b1-vertical-run-results/,обб-vertical-run-results,ОББ Vertical Run - Results,1,Резултати ОББ Vertical Run | Pro (male) | Pro (female) | Team Blue (male) | Team Blue (female) | Team Blue Friends (male) | Team Blue Friends (female) | Open (male) | Open (female),
https://trailseries.bg/%d0%bf%d0%be%d0%b1%d0%b5%d0%b4%d0%b8%d1%82%d0%b5%d0%bb%d0%b8-%d0%b7%d0%b0-%d1%81%d0%b5%d0%b7%d0%be%d0%bd-2022/,победители-за-сезон-2022,Победители за Сезон 2022,1,ПОБЕДИТЕЛИ ПО ТОЧКИ ОТ ВСИЧКИ СЪСТЕЗАНИЯ ЗА 2022 г.,
https://trailseries.bg/%d0%bf%d0%be%d0%b1%d0%b5%d0%b4%d0%b8%d1%82%d0%b5%d0%bb%d0%b8-%d0%b7%d0%b0-%d1%81%d0%b5%d0%b7%d0%be%d0%bd-2023/,победители-за-сезон-2023,Победители за сезон 2023,1,ПОБЕДИТЕЛИ ПО ТОЧКИ ОТ ВСИЧКИ СЪСТЕЗАНИЯ ЗА 2023 г.,
https://trailseries.bg/%d0%bf%d0%be%d0%b1%d0%b5%d0%b4%d0%b8%d1%82%d0%b5%d0%bb%d0%b8-%d0%b7%d0%b0-%d1%81%d0%b5%d0%b7%d0%be%d0%bd-2024/,победители-за-сезон-2024,Победители за сезон 2024,1,СЕЗОН 12 – ГЕНЕРАЛНО КЛАСИРАНЕ ПО ТОЧКИ ОТ ВСИЧКИ СЪСТЕЗАНИЯ ЗА 2024 г.,
https://trailseries.bg/%d0%bf%d0%be%d0%bb%d1%83%d0%bc%d0%b0%d1%80%d0%b0%d1%82%d0%be%d0%bd-palakaria23-results/,полумаратон-palakaria23-results,Полумаратон Palakaria'23 - Results,1,21.5KM МЪЖЕ | 21.5KM ЖЕНИ | 10.75КМ Жени | Kids 1km,
https://trailseries.bg/%d0%bf%d0%be%d0%bb%d1%83%d0%bc%d0%b0%d1%80%d0%b0%d1%82%d0%be%d0%bd-palakaria24-ranking/,полумаратон-palakaria24-ranking,Полумаратон Palakaria'24 - Класиране,1,21км Мъже | 21км Жени | 10.75км Мъже | 10.75km Жени,
https://trailseries.bg/%d1%81%d0%b5%d0%b7%d0%be%d0%bd-11-%d1%80%d0%b5%d0%b7%d1%83%d0%bb%d1%82%d0%b0%d1%82%d0%b8/,сезон-11-резултати,СЕЗОН 11 - РЕЗУЛТАТИ,1,СЕЗОН 11 - ГЕНЕРАЛНО КЛАСИРАНЕ - ВСИЧКИ СЪСТЕЗАНИЯ ЗА 2023 г.,
https://trailseries.bg/%d1%81%d0%b5%d0%b7%d0%be%d0%bd-5-%d1%80%d0%b5%d0%b7%d1%83%d0%bb%d1%82%d0%b0%d1%82%d0%b8/,сезон-5-резултати,СЕЗОН 5 - РЕЗУЛТАТИ,1,Резултату - Сезон 5,
https://trailseries.bg/%d1%81%d0%b5%d0%b7%d0%be%d0%bd-6-%d0%b3%d0%b5%d0%bd%d0%b5%d1%80%d0%b0%d0%bb%d0%bd%d0%be-%d0%ba%d0%bb%d0%b0%d1%81%d0%b8%d1%80%d0%b0%d0%bd%d0%b5/,сезон-6-генерално-класиране,Сезон 6 - Генерално класиране,1,СЕЗОН 6 - ГЕНЕРАЛНО КЛАСИРАНЕ на Trail Series.,
https://trailseries.bg/%d1%82%d1%80%d0%b5%d1%82%d0%b8-%d1%81%d0%b5%d0%b7%d0%be%d0%bd-20142015/,трети-сезон-20142015,Трети сезон 2014/2015,1,,
https://trailseries.bg/100-%d1%80%d0%b5%d0%b3%d0%b8%d1%81%d1%82%d1%80%d0%b8%d1%80%d0%b0%d0%bd%d0%b8-%d0%b7%d0%b0-thechristmasrun/,100-регистрирани-за-thechristmasrun,100 регистрирани за TheChristmasRun,1,,
https://trailseries.bg/117/,117,117 записани за Коледното бягане. Регистрацията затваря в петък.,1,,
https://trailseries.bg/135-%d1%80%d0%b5%d0%b3%d0%b8%d1%81%d1%82%d1%80%d0%b8%d1%80%d0%b0%d0%bd%d0%b8-%d0%b7%d0%b0-thechristmasrun/,135-регистрирани-за-thechristmasrun,135 регистрирани за TheChristmasRun,1,,
https://trailseries.bg/1539/,1539,,1,,
https://trailseries.bg/170-%d0%ba%d0%be%d0%bb%d0%b5%d0%b4%d0%bd%d0%b8-%d0%b1%d0%b5%d0%b3%d0%b0%d1%87%d0%b8/,170-коледни-бегачи,170 коледни бегачи,1,,
https://trailseries.bg/41-%d1%80%d0%b5%d0%b3%d0%b8%d1%81%d1%82%d1%80%d0%b8%d1%80%d0%b0%d0%bd%d0%b8-%d0%b7%d0%b0-christmas-run/,41-регистрирани-за-christmas-run,41 регистрирани за The Christmas Run,1,,
https://trailseries.bg/7-hills-run-2024-ranking/,7-hills-run-2024-ranking,7 Hills Run 2024 - Ranking,1,26 км Мъже | 26 км Жени | 19км Мъже | 19км Жени | 13км Мъже | 13км Жени | 6км Мъже | 6км Жени,
https://trailseries.bg/7-hills-run15-ranking/,7-hills-run15-ranking,7 Hills Run - класиране,1,17.7КМ МЪЖЕ | 17.7КМ ЖЕНИ | 12КМ МЪЖЕ | 12КМ ЖЕНИ | 5.7КМ МЪЖЕ | 5.7КМ ЖЕНИ,
https://trailseries.bg/7-hills-run21-results/,7-hills-run21-results,7 Hills Run'21 - Results,1,26км МЪЖЕ | 26км ЖЕНИ | 19км МЪЖЕ | 19км ЖЕНИ | 13км МЪЖЕ | 13км ЖЕНИ | 6км МЪЖЕ | 6КМ ЖЕНИ,
https://trailseries.bg/7-hills-run22-results/,7-hills-run22-results,7 Hills Run'22 - Results,1,26KM Hardcore Edition (M) | 26KM Hardcore Edition (F) | 19KM МЪЖЕ | 19КМ ЖЕНИ | 13КМ МЪЖЕ | 13КМ ЖЕНИ | 6КМ МЪЖЕ | 6КМ ЖЕНИ,
https://trailseries.bg/7-hills-run23-results/,7-hills-run23-results,7 Hills Run'23 - Results,1,26 HardCore - M | 26 HardCore - F | 19KM Мъже | 19КМ Жени | 13КМ Мъже | 13КМ Жени | 6КМ - Мъже | 6КМ - Жени,
https://trailseries.bg/7-hills-run25-results/,7-hills-run25-results,7 Hills Run'25 - Results,1,26КМ МЪЖЕ | 26КМ ЖЕНИ | 19КМ МЪЖЕ | 19КМ ЖЕНИ | 13КМ МЪЖЕ | 13КМ ЖЕНИ | 6КМ МЪЖЕ | 6КМ ЖЕНИ,
https://trailseries.bg/7hills-run-2017-results/,7hills-run-2017-results,7 Hills Run'17 - results,1,18KM | 12KM | 6KM,
https://trailseries.bg/7hills-run18-ranking/,7hills-run18-ranking,7 Hills Run'18-Ranking,1,,
https://trailseries.bg/7hills-run19-results/,7hills-run19-results,7 Hills Run'19 - Results,1,19КМ МЪЖЕ | 19КМ ЖЕНИ | 13КМ МЪЖЕ | 13КМ ЖЕНИ | 6КМ МЪЖЕ | 6КМ ЖЕНИ,
https://trailseries.bg/7hillsrun16/,7hillsrun16,7 Hills Run'16 results,1,18КМ МЪЖЕ | 18КМ ЖЕНИ | 12КМ МЪЖЕ | 12КМ ЖЕНИ | 6КМ МЪЖЕ | 6КМ ЖЕНИ | Детско бягане,
https://trailseries.bg/81-%d1%80%d0%b5%d0%b3%d0%b8%d1%81%d1%82%d1%80%d0%b8%d1%80%d0%b0%d0%bd%d0%b8-%d0%b7%d0%b0-thechristmasrun-04-12/,81-регистрирани-за-thechristmasrun-04-12,81 регистрирани за TheChristmasRun - 04.12,1,,
https://trailseries.bg/90-%d1%80%d0%b5%d0%b3%d0%b8%d1%81%d1%82%d1%80%d0%b8%d1%80%d0%b0%d0%bd%d0%b8-%d0%b7%d0%b0-thechristmasrun/,90-регистрирани-за-thechristmasrun,90 регистрирани за TheChristmasRun,1,,
https://trailseries.bg/baba-marta-run-2017-results/,baba-marta-run-2017-results,Baba Marta Run'17 - results,1,16KM | 10KM | 6KM | Kids,
https://trailseries.bg/baba-marta-run-ranking/,baba-marta-run-ranking,Baba Marta Run - класиране,1,6км Мъже | 6км Жени | 11.4км Мъже | 11.4км Жени | 16км Мъже | 16км Жени | 1000м деца Мъже | 1000м деца Жени,
https://trailseries.bg/baba-marta-run-ranking15/,baba-marta-run-ranking15,Baba Marta Run - ranking'15,1,,
https://trailseries.bg/baba-marta-run-results-2016/,baba-marta-run-results-2016,Baba Marta Run'16 резултати,1,,
https://trailseries.bg/baba-marta-run18-ranking/,baba-marta-run18-ranking,Baba Marta Run'18 - ranking,1,,
https://trailseries.bg/baba-marta-run19-ranking/,baba-marta-run19-ranking,Baba Marta Run'19 - Класиране,1,16КМ Мъже | 16KM Жени | 10КМ Мъже | 10КМ Жени | 6KM,
https://trailseries.bg/baba-marta-run21-results/,baba-marta-run21-results,Baba Marta Run'21 - Results,1,16KM Мъже | 16КМ ЖЕНИ | 10КМ Мъже | 10км Жени | 6КМ Мъже | 6KM Жени,
https://trailseries.bg/baba-marta-run22-results/,baba-marta-run22-results,Baba Marta Run'22 - Results,1,16КМ МЪЖЕ | 16 КМ ЖЕНИ | 10КМ МЪЖЕ | 10KM ЖЕНИ | 6км МЪЖЕ | 6КМ ЖЕНИ,
https://trailseries.bg/baba-marta-run23-results/,baba-marta-run23-results,Baba Marta Run'23 - Results,1,16КМ - МЪЖЕ | 16KM - ЖЕНИ | 10КМ - МЪЖЕ | 10КМ - ЖЕНИ | 6КМ - МЪЖЕ | 6КМ - ЖЕНИ,
https://trailseries.bg/baba-marta-run24-ranking/,baba-marta-run24-ranking,Baba Marta Run'24 - Ranking,1,16KM Мъже | 16KM Жени | 10КМ Мъже | 10КМ Жени | 6км Мъже | 6км Жени,
https://trailseries.bg/baba-marta-run25-results/,baba-marta-run25-results,Baba Marta Run'25 - Results,1,16KM МЪЖЕ | 16КМ ЖЕНИ | 10KM МЪЖЕ | 10КМ ЖЕНИ | 6КМ МЪЖЕ | 6КМ ЖЕНИ,
https://trailseries.bg/baba-marta-run26-results/,baba-marta-run26-results,Baba Marta Run'26 - Results,1,16КМ МЪЖЕ | 16КМ ЖЕНИ | 10КМ МЪЖЕ | 10КМ ЖЕНИ | 7КМ МЪЖЕ | 7КМ ЖЕНИ,
https://trailseries.bg/bankya-summer-run-ranking/,bankya-summer-run-ranking,Bankya Summer Run,1,,
https://trailseries.bg/birthday-run-3-results/,birthday-run-3-results,Класиране Birthday Run 3.0,1,15KM МЪЖЕ | 15KM ЖЕНИ | 10КМ МЪЖЕ | 10КМ ЖЕНИ | 5КМ МЪЖЕ | 5КМ ЖЕНИ,
https://trailseries.bg/birthday-run-4-ranking/,birthday-run-4-ranking,Birthday Run 4 - класиране,1,(17.5KM) | (11.5KM) | (5.5KM) | Kids Run,
https://trailseries.bg/birthday-run-results/,birthday-run-results,Birthday Run - класиране,2,Деца 1 км | Момчета | Момичета | 5км | Мъже | Жени,
https://trailseries.bg/birthday-run17-results/,birthday-run17-results,Birthday Run'17 - Резултати,1,17.5KM | 11KM | 5.5KM,
https://trailseries.bg/birthday-run18-results/,birthday-run18-results,Birthday Run'18 - Results,1,17.5KM | 11KM | 5.5KM,
https://trailseries.bg/birthday-run19-ranking/,birthday-run19-ranking,Birthday Run'19 - Ranking,1,16KM | 11KM | 5.5KM,
https://trailseries.bg/birthday-run2-results/,birthday-run2-results,Birthday Run 2.0 резултати,8,,
https://trailseries.bg/birthday-run20-results/,birthday-run20-results,Birthday Run'20 - Results,1,17.4км - Мъже | 17.4км - Жени | 12КМ - Мъже | 12км - Жени | 6.6км - Мъже | 6.6км - Жени,
https://trailseries.bg/birthday-run21-results/,birthday-run21-results,Birthday Run'21 - Results,1,17.5км МЪЖЕ | 17.5км ЖЕНИ | 12 км МЪЖЕ | 12 км ЖЕНИ | 6.5км МЪЖЕ | 6.6км ЖЕНИ,
https://trailseries.bg/birthday-run22-2-results/,birthday-run22-2-results,Birthday Run'22 - Results,1,17.5KM Мъже | 17.5KM Жени | 12КМ Мъже | 12КМ Жени | 6.6КМ Мъже | 6.6КМ Жени,
https://trailseries.bg/birthday-run23-results/,birthday-run23-results,Birthday Run'23 - Results,1,17.5КМ МЪЖЕ | 17.5КМ ЖЕНИ | 12КМ МЪЖЕ | 12КМ ЖЕНИ | 6.6КМ МЪЖЕ | 6.6КМ ЖЕНИ,
https://trailseries.bg/birthday-run24-ranking/,birthday-run24-ranking,Birthday Run'24 - Ranking,1,17.4KM Мъже | 17.4KM Жени | 12КМ Мъже | 12КМ Жени | 6.6КМ Мъже | 6.6КМ Жени,
https://trailseries.bg/boyana-x-trails-results/,boyana-x-trails-results,Boyana X Trails - Results,1,16.5КМ - МЪЖЕ | 16.5КМ - ЖЕНИ | 10KM - МЪЖЕ | 10KM - ЖЕНИ,
https://trailseries.bg/boyana-x-trails21-results/,boyana-x-trails21-results,Boyana X Trails'21 - Results,1,16.5KM МЪЖЕ | 16.5KM ЖЕНИ | 10КМ МЪЖЕ | 10 KM ЖЕНИ,
https://trailseries.bg/buhovo-26-may/,buhovo-26-may,Бухово 26 май,1,,
https://trailseries.bg/buhovo-half-marathon25-results/,buhovo-half-marathon25-results,Buhovo Half Marathon'25 - Results,1,21КМ МЪЖЕ | 21КМ ЖЕНИ | 10.7КМ МЪЖЕ | 10.7КМ ЖЕНИ,
https://trailseries.bg/buhovo-run15-ranking/,buhovo-run15-ranking,Buhovo Run'15 класиране,1,16КМ МЪЖЕ | 16КМ ЖЕНИ | 9.5КМ МЪЖЕ | 9.5КМ ЖЕНИ | 5КМ МЪЖЕ | 5КМ ЖЕНИ | 1000М ДЕЦА,
https://trailseries.bg/buhovorun-ranking-2014/,buhovorun-ranking-2014,BuhovoRun класиране,6,,
https://trailseries.bg/cactus-run-10-11-2013/,cactus-run-10-11-2013,The Cactus Run 10.11.2013,1,7км Мъже | 7км Жени | 14км Мъже | 14км Жени | 21км Мъже | 21км жени | Момчета 1000м | Момичета 1000м,
https://trailseries.bg/cactus-run-2016-ranking/,cactus-run-2016-ranking,The Cactus Run'16 - Класиране,1,21КМ | 14КМ | 7КМ,
https://trailseries.bg/cactus-run18-ranking/,cactus-run18-ranking,The Cactus Run'18 - Ranking,1,20KM | 13.5KM | 6.6KM | KIDS RUN Winners,
https://trailseries.bg/golyam-sechko-run-2020-results/,golyam-sechko-run-2020-results,Golyam Sechko Run 2020 - Results,1,15КМ - Мъже | 15КМ - Жени | 9KM Мъже | 9КМ - Жени | 6КМ - Мъже | 6КМ - Жени,
https://trailseries.bg/golyam-sechko-run16-%d0%ba%d0%bb%d0%b0%d1%81%d0%b8%d1%80%d0%b0%d0%bd%d0%b5/,golyam-sechko-run16-класиране,Golyam Sechko Run'16 класиране,1,16КМ | 9.5KM | 6.5KM,
https://trailseries.bg/golyam-sechko-run17-ranking/,golyam-sechko-run17-ranking,Golyam Sechko Run'17 - класиране,1,16КМ | 9.5КМ | 6.5КМ,
https://trailseries.bg/golyam-sechko-run18-ranking/,golyam-sechko-run18-ranking,GOLYAM SECHKO RUN’18 – КЛАСИРАНЕ,3,,
https://trailseries.bg/golyam-sechko-run19-ranking/,golyam-sechko-run19-ranking,Golyam Sechko Run'19 - Ranking,1,16КМ | 9.5КМ | 6.5КМ,
https://trailseries.bg/golyam-sechko-run21-results/,golyam-sechko-run21-results,Golyam Sechko Run'21 - Results,1,15км - Мъже | 15КМ - Жени | 9км - Мъже | 9КМ - Жени | 6КМ - Мъже | 6KM - Жени,
https://trailseries.bg/golyam-sechko-run22-results/,golyam-sechko-run22-results,Golyam Sechko Run'22 - Results,1,15КМ МЪЖЕ | 15КМ ЖЕНИ | 9КМ МЪЖЕ | 9км ЖЕНИ | 6КМ МЪЖЕ | 6КМ ЖЕНИ,
https://trailseries.bg/golyam-sechko-run23-ranking/,golyam-sechko-run23-ranking,Golyam Sechko Run'23 - Ranking,1,16 КМ МЪЖЕ | 16 КМ ЖЕНИ | 9КМ МЪЖЕ | 9КМ ЖЕНИ | 6КМ МЪЖЕ | 6КМ ЖЕНИ,
https://trailseries.bg/golyam-sechko-run24-ranking/,golyam-sechko-run24-ranking,Golyam Sechko Run'24 - Ranking,2,15км МЪЖЕ | 15км ЖЕНИ | 9км МЪЖЕ | 9км ЖЕНИ | 6км МЪЖЕ | 6км ЖЕНИ,crawl marked has_results_table=no
https://trailseries.bg/golyam-sechko-run25-ranking/,golyam-sechko-run25-ranking,Golyam Sechko Run'25 - Ranking,1,15KM МЪЖЕ | 15КМ ЖЕНИ | 9КМ МЪЖЕ | 9КМ ЖЕНИ | 6.5КМ МЪЖЕ | 6.5КМ ЖЕНИ,
https://trailseries.bg/golyam-sechko-run26-results/,golyam-sechko-run26-results,Golyam Sechko Run'26 - Results,1,15КМ МЪЖЕ | 9КМ МЪЖЕ | 9КМ ЖЕНИ | 6КМ МЪЖЕ | 6КМ ЖЕНИ,
https://trailseries.bg/golyam-secko-run15-ranking/,golyam-secko-run15-ranking,Golyam Secko Run'15 Класиране,1,18КМ МЪЖЕ | 18КМ ЖЕНИ | 13КМ ЖЕНИ | 13КМ МЪЖЕ | ИЗГУБЕНИ | 5КМ МЪЖЕ | 5КМ ЖЕНИ | ДЕЦА 1000м,
https://trailseries.bg/golyamsechkorun-04-results/,golyamsechkorun-04-results,GolyamSechkoRun - класиране,1,"5.4км Мъже | 5.4км Жени | 13км Мъже | 13км Жени | 18,4км Мъже | 18,4км Жени | Пишлемета - 1000м",
https://trailseries.bg/heat-stroke-run-14-07-2013/,heat-stroke-run-14-07-2013,Heat Stroke Run 14 юли,1,Жени 5.7км | Мъже 5.7км | Жени 13км | Мъже 13км | девойки | юноши,
https://trailseries.bg/iran-run-results/,iran-run-results,iRanRun-results,6,,
https://trailseries.bg/iran-run-results15/,iran-run-results15,iRan Run - резултати,1,16.7КМ МЪЖЕ | 16.7КМ ЖЕНИ | 11.5КМ МЪЖЕ | 11.5КМ ЖЕНИ | 5.2КМ ЖЕНИ | МОМИЧЕТА | МОМЧЕТА,
https://trailseries.bg/iran-run-results16/,iran-run-results16,iRan Run - results'16,7,,
https://trailseries.bg/iran-run17-ranking/,iran-run17-ranking,iRan Run'17 Ranking,1,16.7КМ | 11.5КМ | 5.2КМ,
https://trailseries.bg/iran-run19-results/,iran-run19-results,iRan Run'19 - results,1,KIDS,
https://trailseries.bg/koy-oglavyava-top-10/,koy-oglavyava-top-10,Кой оглавява топ 10?,1,,
https://trailseries.bg/lyulin-trail-run-%d0%ba%d0%bb%d0%b0%d1%81%d0%b8%d1%80%d0%b0%d0%bd%d0%b5/,lyulin-trail-run-класиране,Lyulin Trail Run - класиране,1,Деца,
https://trailseries.bg/lyulin-trail-run17-results/,lyulin-trail-run17-results,Lyulin Trail Run'17 - Results,3,,
https://trailseries.bg/lyulin-trail-run18-ranking/,lyulin-trail-run18-ranking,Lyulin Trail Run'18 - Ranking,1,снимка KrisoK Photography | 18KM МЪЖЕ | 18KM ЖЕНИ | 12КМ МЪЖЕ | 12КМ ЖЕНИ | 6КМ МЪЖЕ | 6КМ ЖЕНИ | KIDS RUN,
https://trailseries.bg/lyulin-trail-run19-ranking/,lyulin-trail-run19-ranking,Lyulin Trail Run'19 - Ranking,1,17KM | 11.5KM | 5.5KM,
https://trailseries.bg/lyulin-trail-run20-ranking/,lyulin-trail-run20-ranking,Lyulin Trail Run'20 - ranking,1,17КМ - МЪЖЕ | 17КМ - Жени | 12КМ - МЪЖЕ | 12КМ - ЖЕНИ | 6КМ МЪЖЕ | 6КМ - ЖЕНИ,
https://trailseries.bg/lyulin-trail-run21-results/,lyulin-trail-run21-results,Lyulin Trail Run'21 - Results,1,17км МЪЖЕ | 17км ЖЕНИ | 12км МЪЖЕ | 12км ЖЕНИ | 5.5км МЪЖЕ | 5.5км ЖЕНИ,
https://trailseries.bg/lyulin-trail-run22-results/,lyulin-trail-run22-results,Lyulin Trail Run'22 - Results,1,17KM МЪЖЕ | 17КМ ЖЕНИ | 12КМ МЪЖЕ | 12КМ ЖЕНИ | 5.5КМ МЪЖЕ | 5.5КМ ЖЕНИ,
https://trailseries.bg/lyulin-trail-run23-results/,lyulin-trail-run23-results,Lyulin Trail Run'23 - Results,1,17КМ Мъже | 17КМ Жени | 12КМ Мъже | 12км Жени | 5.5км Мъже | 5.5км Жени,
https://trailseries.bg/lyulin-trail-run24-ranking/,lyulin-trail-run24-ranking,Lyulin Trail Run'24 - Ranking,1,17КМ МЪЖЕ | 17КМ ЖЕНИ | 11.5КМ МЪЖЕ | 11.5КМ ЖЕНИ | 5.5КМ МЪЖЕ | 5.5КМ ЖЕНИ,
https://trailseries.bg/lyulin-trail-run25-results/,lyulin-trail-run25-results,Lyulin Trail Run'25 - Results,1,17КМ МЪЖЕ | 17КМ ЖЕНИ | 11.5КМ МЪЖЕ | 11.5КМ ЖЕНИ | 5.5KM МЪЖЕ | 5.5KM ЖЕНИ,
https://trailseries.bg/lyulin-trail-run25-results/,lyulin-trail-run25-results,Lyulin Trail Run'25 - Results,1,17КМ МЪЖЕ | 17КМ ЖЕНИ | 11.5КМ МЪЖЕ | 11.5КМ ЖЕНИ | 5.5KM МЪЖЕ | 5.5KM ЖЕНИ,
https://trailseries.bg/lyulin-trail-run26-ranking/,lyulin-trail-run26-ranking,Lyulin Trail Run'26 - Ranking,1,17KM МЪЖЕ | 17КМ ЖЕНИ | 12KM МЪЖЕ | 12КМ ЖЕНИ | 6КМ МЪЖЕ | 6КМ ЖЕНИ,
https://trailseries.bg/malak-sechko-run-ranking/,malak-sechko-run-ranking,MalakSechkoRun класиране,1,Деца Мъже | Деца Жени,
https://trailseries.bg/malak-sechko-run-ranking16/,malak-sechko-run-ranking16,Malak Sechko Run - ranking'16,1,19КМ МЪЖЕ | 19КМ ЖЕНИ | 13КМ МЪЖЕ | 13КМ ЖЕНИ | 6КМ ЖЕНИ | 6КМ МЪЖЕ | Малчугани,
https://trailseries.bg/malak-sechko-run17-results/,malak-sechko-run17-results,Malak Sechko Run'17 - results,1,19KM | 13KM | 6KM,
https://trailseries.bg/malak-sechko-run18-ranking/,malak-sechko-run18-ranking,Malak Sechko Run'18 Ranking,1,19KM | жени | 13KM | 6KM,
https://trailseries.bg/malak-sechko-run19-ranking/,malak-sechko-run19-ranking,Malak Sechko Run'19 - ranking,1,19KM Мъже | 19КМ Жени | 13КМ Мъже | 6КМ Мъже | 6КМ Жени,
https://trailseries.bg/malak-sechko-run20-results/,malak-sechko-run20-results,Malak Sechko Run'20 - Results,1,19км Мъже | 19км Жени | 13км Мъже | 13км Жени | 6км Мъже | 6км Жени,
https://trailseries.bg/malak-sechko-run21-results/,malak-sechko-run21-results,Malak Sechko Run'21 - Results,1,19км - Мъже | 19км - Жени | 13км - Мъже | 13км - Жени | 6км Мъже | 6км Жени,
https://trailseries.bg/malak-sechko-run22-results/,malak-sechko-run22-results,Malak Sechko Run'22 Results,1,,
https://trailseries.bg/malak-sechko-run23-ranking/,malak-sechko-run23-ranking,Malak Sechko Run'23 - Ranking,1,19КМ Мъже | 19КМ Жени | 13КМ Мъже | 13КМ Жени | 6KM Mъже | 6КМ Жени,
https://trailseries.bg/malak-sechko-run24-results/,malak-sechko-run24-results,Malak Sechko Run'24 - Results,1,19КМ МЪЖЕ | 19КМ ЖЕНИ | 13КМ МЪЖЕ | 13КМ ЖЕНИ | 6KM МЪЖЕ,
https://trailseries.bg/malak-sechko-run25-results/,malak-sechko-run25-results,Malak Sechko Run'25 - Results,1,19КМ МЪЖЕ | 19КМ ЖЕНИ | 13КМ МЪЖЕ | 13КМ ЖЕНИ | 6КМ МЪЖЕ | 6КМ ЖЕНИ,
https://trailseries.bg/malak-sechko-run26-results/,malak-sechko-run26-results,Malak Sechko Run'26 - Results,1,19КМ ЖЕНИ | 13КМ МЪЖЕ | 13КМ ЖЕНИ | 6КМ МЪЖЕ | 6KM ЖЕНИ,
https://trailseries.bg/maliovitsa-skyrun-4-%d0%b0%d0%b2%d0%b3%d1%83%d1%81%d1%82/,maliovitsa-skyrun-4-август,Maliovitsa skyrun 4 август,1,Класиране жени 14км | Класиране мъже 14км | Класиране мъже 19км | Класиране жени 19км,
https://trailseries.bg/news/,news,Новини след The Cactus Run,1,дистанция | 7км мъже | 7км жени | 14км мъже | 14км жени | 21км мъже | 21км жени,crawl marked has_results_table=no
https://trailseries.bg/overal-ranking/,overal-ranking,Класиране,1,СЕЗОН 13 - ГЕНЕРАЛНО КЛАСИРАНЕ - ВСИЧКИ СЪСТЕЗАНИЯ ЗА 2025 г.,
https://trailseries.bg/overal-ranking/%d0%b3%d0%b5%d0%bd%d0%b5%d1%80%d0%b0%d0%bb%d0%bd%d0%be-%d0%ba%d0%bb%d0%b0%d1%81%d0%b8%d1%80%d0%b0%d0%bd%d0%b5/,генерално-класиране,Генерално класиране,2,МЪЖЕ | Жени | Генерално класиране – жени,
https://trailseries.bg/overal-ranking/%d0%bf%d0%b0%d0%bd%d1%87%d0%b0%d1%80%d0%b5%d0%b2%d0%be-10-%d0%bd%d0%be%d0%b5%d0%bc%d0%b2%d1%80%d0%b8/,панчарево-10-ноември,Панчарево 10 ноември,1,,
https://trailseries.bg/overal-ranking/bankia-24mart/,bankia-24mart,Банкя 24 март,1,Мъже 6км | Жени 6км | Мъже 12км | Жени 12км,
https://trailseries.bg/overal-ranking/iran-run18-results/,iran-run18-results,iRan Run'18 - Results,1,16.7KM | 11.5KM | 5.2KM,
https://trailseries.bg/overal-ranking/lokorsko-23-fevruari/,lokorsko-23-fevruari,Локорско 23 февруари,1,,
https://trailseries.bg/overal-ranking/runbg-trail-series-%d0%b6%d0%b5%d0%bb%d0%b5%d0%b7%d0%bd%d0%b8%d1%86%d0%b0-13-%d0%be%d0%ba%d1%82%d0%be%d0%bc%d0%b2%d1%80%d0%b8-%d0%ba%d0%bb%d0%b0%d1%81%d0%b8%d1%80%d0%b0%d0%bd%d0%b5/,runbg-trail-series-железница-13-октомври-класиране,Железница 13 октомври,2,Класиране жени | Класиране мъже,
https://trailseries.bg/overal-ranking/vladaya-21-april/,vladaya-21-april,Владая 21 април,1,Мъже,
https://trailseries.bg/palakaria-2017-ranking/,palakaria-2017-ranking,Palakaria 2017 - Ranking,1,21.5км | 10.75КМ | 5KM,
https://trailseries.bg/palakaria-2018-ranking/,palakaria-2018-ranking,Palakaria'18 - Ranking,1,21.5КМ | 10.75КМ | 5КМ,
https://trailseries.bg/palakaria-ranking/,palakaria-ranking,Palakaria - класиране,1,21КМ МЪЖЕ | 21КМ ЖЕНИ | 10КМ МЪЖЕ | 10КМ ЖЕНИ | 5КМ МЪЖЕ | 5КМ ЖЕНИ | ДЕЦА,
https://trailseries.bg/palakaria16-results/,palakaria16-results,Palakaria 2016 - класиране,1,21KM | 10.75KM | 5KM,
https://trailseries.bg/palakaria19-ranking/,palakaria19-ranking,Palakaria'19 - Ranking,1,21KM | 10.75KM | 5КМ | Kids Run,
https://trailseries.bg/palakaria22-results/,palakaria22-results,Palakaria'22-Results,1,21КМ Мъже | 21КМ Жени | 10.7КМ МЪЖЕ | 10.7КМ Жени,
https://trailseries.bg/pancharevo-night-run-%d0%ba%d0%bb%d0%b0%d1%81%d0%b8%d1%80%d0%b0%d0%bd%d0%b5/,pancharevo-night-run-класиране,Pancharevo Night Run - класиране,1,18КМ МЪЖЕ | 18КМ ЖЕНИ | 12КМ МЪЖЕ | 12КМ ЖЕНИ | 6КМ МЪЖЕ | 6КМ ЖЕНИ,
https://trailseries.bg/pancharevo-night-run-%d0%ba%d0%bb%d0%b0%d1%81%d0%b8%d1%80%d0%b0%d0%bd%d0%b516/,pancharevo-night-run-класиране16,Pancharevo Night Run - класиране,1,18KM МЪЖЕ | 18КМ ЖЕНИ | 12КМ МЪЖЕ | 12КМ ЖЕНИ | 6КМ МЪЖЕ | 6КМ ЖЕНИ,
https://trailseries.bg/pancharevo-night-run17-ranking/,pancharevo-night-run17-ranking,Pancharevo Night Run'17 - Ranking,1,19КМ (МЪЖЕ) | 19КМ (ЖЕНИ) | 13.6КМ (МЪЖЕ) | 13.6КМ (ЖЕНИ) | 6.3КМ (МЪЖЕ) | 6.3КМ ЖЕНИ,
https://trailseries.bg/pancharevo-night-run18-ranking/,pancharevo-night-run18-ranking,Pancharevo Night Run'18-ranking,2,МЪЖКА ЩАФЕТА | ЖЕНСКА ЩАФЕТА | СМЕСЕНА ЩАФЕТА,
https://trailseries.bg/pancharevo-night-run19-ranking/,pancharevo-night-run19-ranking,Pancharevo Night Run'19 - Ranking,1,ЩАФЕТА - ЖЕНИ | ЩАФЕТА - СМЕСЕНА | ЩАФЕТА - МЪЖЕ | 6 КМ - Индивидуално,
https://trailseries.bg/pancharevo-night-run21-%d1%80%d0%b5%d0%b7%d1%83%d0%bb%d1%82%d0%b0%d1%82%d0%b8/,pancharevo-night-run21-резултати,Pancharevo Night Run'21 - Резултати,1,,
https://trailseries.bg/pasare-results/,pasare-results,Пасарел 16 декември,4,,
https://trailseries.bg/pasarel-run-16-06/,pasarel-run-16-06,Pasarel Run 16.06,1,,
https://trailseries.bg/ranking-7-hills-run/,ranking-7-hills-run,Класиране - 7 Hills Run,1,1000м деца Мъже | 1000м деца Жени,
https://trailseries.bg/results-iran-run15/,results-iran-run15,iRan Run - резултати,1,16.7КМ МЪЖЕ | 16.7КМ ЖЕНИ | 11.5КМ МЪЖЕ | 11.5КМ ЖЕНИ | 5.2КМ ЖЕНИ | МОМИЧЕТА | МОМЧЕТА,
https://trailseries.bg/september-run-2/,september-run-2,September Run ,1,20км | 10км | 5км | Мъже | Жени | Деца (Лапета) | момчета | момичета,
https://trailseries.bg/simeonovo-run-ranking/,simeonovo-run-ranking,Simeonovo Run'15 класиране,1,19.5км МЪЖЕ | 19.5км ЖЕНИ | 11км МЪЖЕ | 11км ЖЕНИ | 5.5км МЪЖЕ | 5.5км ЖЕНИ | 1км МОМЧЕТА | 1км МОМИЧЕТА,
https://trailseries.bg/simeonovo-run-ranking14/,simeonovo-run-ranking14,Simeonovo Run - класиране,1,1000м деца Жени,
https://trailseries.bg/simeonovo-run16-ranking/,simeonovo-run16-ranking,Simeonovo Run'16 Ranking,1,,
https://trailseries.bg/simeonovo-run17-results/,simeonovo-run17-results,Simeonovo Run'17 - results,1,19.5KM | 11KM | 5KM,
https://trailseries.bg/simeonovo-run18-results/,simeonovo-run18-results,Simeonovo Run'18 - Results,1,19.5KM | 11КМ | 5.8КМ,
https://trailseries.bg/simeonovo-run19-ranking/,simeonovo-run19-ranking,Simeonovo Run'19-Ranking,1,19.KM | 11 KM | 5.8KM,
https://trailseries.bg/simeonovo-run20-results/,simeonovo-run20-results,Simeonovo Run'20 - Results,1,19.5KM - Мъже | 19.5KM - Жени | 10КМ - Мъже | 10КМ - Жени | 5КМ - Мъже | 5КМ - Жени,
https://trailseries.bg/simeonovo-run21-results/,simeonovo-run21-results,Simeonovo Run'21 - Results,1,19.5км МЪЖЕ | 19.5км ЖЕНИ | 11км МЪЖЕ | 11км ЖЕНИ | 5.4км МЪЖЕ | 5.4км ЖЕНИ,
https://trailseries.bg/simeonovo-run23-results/,simeonovo-run23-results,Simeonovo Run'23 - Results,1,19.5КМ МЪЖЕ | 19.5КМ ЖЕНИ | 11КМ МЪЖЕ | 11КМ ЖЕНИ | 5.3KM МЪЖЕ | 5.3KM ЖЕНИ,
https://trailseries.bg/the-cactus-run-results14/,the-cactus-run-results14,The Cactus Run - Results'14,2,21км Жени | 21км Мъже | 14км Жени | 14км Мъже | 7км Жени | 7км Мъже,
https://trailseries.bg/the-cactus-run15-results/,the-cactus-run15-results,The Cactus Run'15 - results,1,17КМ МЪЖЕ | 17КМ ЖЕНИ | 14КМ МЪЖЕ | 14КМ ЖЕНИ | 7КМ МЪЖЕ | 7КМ ЖЕНИ | Момичета | Момчета,
https://trailseries.bg/the-cactus-run17-ranking/,the-cactus-run17-ranking,The Cactus Run'17 - Класиране,1,20KM | 13.5KM | 6.6KM,
https://trailseries.bg/the-cactus-run19-results/,the-cactus-run19-results,The Cactus Run'19 - Results,1,21KM - МЪЖЕ | 21КМ - ЖЕНИ | 14КМ - МЪЖЕ | 14КМ - ЖЕНИ | 7KM - МЪЖЕ | 7KM - ЖЕНИ,
https://trailseries.bg/the-cactus-run20-ranking/,the-cactus-run20-ranking,The Cactus Run'20 - Ranking,1,20км - Мъже | 20км - Жени | 14км - Мъже | 14км - Жени | 7км - Мъже | 7км - Жени,
https://trailseries.bg/the-cactus-run21-results/,the-cactus-run21-results,The Cactus Run'21 - Results,1,15KM МЪЖЕ | 15KM ЖЕНИ | 10KM МЪЖЕ | 10KM ЖЕНИ | 5КМ МЪЖЕ | 5КМ ЖЕНИ,
https://trailseries.bg/the-cactus-run22-ranking/,the-cactus-run22-ranking,The Cactus Run'22 - Ranking,1,Мъже 20КМ | Жени 20КМ | Мъже 14КМ | Жени 14КМ | Мъже 7КМ | Жени 7КМ,
https://trailseries.bg/the-cactus-run23-results/,the-cactus-run23-results,The Cactus Run'23 - Results,1,21КМ МЪЖЕ | 21КМ ЖЕНИ | 14КМ МЪЖЕ | 14КМ ЖЕНИ | 7КМ Мъже | 7км ЖЕНИ,
https://trailseries.bg/the-cactus-run24-results/,the-cactus-run24-results,The Cactus Run'24 - Results,1,21км МЪЖЕ | 21км ЖЕНИ | 14км МЪЖЕ | 14км ЖЕНИ | 7км МЪЖЕ | 7км ЖЕНИ,
https://trailseries.bg/the-cactus-run25-results/,the-cactus-run25-results,The Cactus Run'25 - Results,1,21KM МЪЖЕ | 21КМ ЖЕНИ | 15КМ МЪЖЕ | 15КМ ЖЕНИ | 7КМ МЪЖЕ | 7КМ ЖЕНИ,
https://trailseries.bg/the-chrismas-run19-ranking/,the-chrismas-run19-ranking,The Chrismas Run'19 - Ranking,1,15KM МЪЖЕ | 15КМ ЖЕНИ | 11КМ МЪЖЕ | 11КМ ЖЕНИ | 5KM МЪЖЕ | 5КМ ЖЕНИ,
https://trailseries.bg/the-christmas-run-2017-klasirane/,the-christmas-run-2017-klasirane,The Christmas Run'17 - класиране,1,15КМ | 11КМ | 5.5КМ,
https://trailseries.bg/the-christmas-run-ranking14/,the-christmas-run-ranking14,The Christmas Run - класиране 2014,1,19.8КМ МЪЖЕ | 19.8км ЖЕНИ | 13.2КМ МЪЖЕ | 13.2КМ ЖЕНИ | 6.6КМ МЪЖЕ | 6.6КМ ЖЕНИ,
https://trailseries.bg/the-christmas-run-ranking23/,the-christmas-run-ranking23,The Christmas Run - Ranking'23,1,15KM МЪЖЕ | 15КМ ЖЕНИ | 10KM МЪЖЕ | 10КМ ЖЕНИ | 5КМ М | 5КМ ЖЕНИ,
https://trailseries.bg/the-christmas-run18-ranking/,the-christmas-run18-ranking,The Christmas Run'18 - Класиране,1,15KM | 11KM | 5.5KM,
https://trailseries.bg/the-christmas-run20-results/,the-christmas-run20-results,The Christmas Run'20 - Results,1,16KM - МЪЖЕ | 16КМ - ЖЕНИ | 11КМ - МЪЖЕ | 11КМ - ЖЕНИ | 5.5КМ - МЪЖЕ | 5.5КМ - ЖЕНИ,
https://trailseries.bg/the-christmas-run21-results/,the-christmas-run21-results,The Christmas Run'21 - Results,1,,
https://trailseries.bg/the-christmas-run22-results/,the-christmas-run22-results,The Christmas Run'22 - Results,1,15KM МЪЖЕ | 15КМ ЖЕНИ | 11КМ МЪЖЕ | 11КМ ЖЕНИ | 5.5КМ МЪЖЕ | 5.5КМ ЖЕНИ,
https://trailseries.bg/the-christmas-run24-results/,the-christmas-run24-results,The Christmas Run'24 - Results,1,15KM МЪЖЕ | 15КМ ЖЕНИ | 11КМ ЖЕНИ | 5.5КМ МЪЖЕ | 5.5КМ ЖЕНИ,
https://trailseries.bg/the-christmas-run25-results/,the-christmas-run25-results,The Christmas Run'25 - Results,1,15.5 КМ МЪЖЕ | 15.5 КМ ЖЕНИ | 11 КМ МЪЖЕ | 11КМ ЖЕНИ | 5.5КМ МЪЖЕ | 5.5КМ ЖЕНИ,
https://trailseries.bg/thechristmasrun-%d1%81%d1%82%d0%b0%d1%80%d1%82%d0%be%d0%b2-%d1%81%d0%bf%d0%b8%d1%81%d1%8a%d0%ba/,thechristmasrun-стартов-списък,TheChristmasRun стартов списък,1,,
https://trailseries.bg/thechristmasrun/,thechristmasrun,TheChristmasRun,1,Дядо Мразовци 6.6км | Снежанки 6.6км | Дядо Мразовци 11.4км | Снежанки 11.4км | Дядо Мразовци 18км | Снежанки 18км | Джуджета | Джуджанки,
https://trailseries.bg/vladaya-eco-run-ranking-2014/,vladaya-eco-run-ranking-2014,Vladaya EcoRun - класиране,1,1000м деца Мъже | 1000м деца Жени,
https://trailseries.bg/xmas-run-15-results/,xmas-run-15-results,,1,15KM МЪЖЕ | 15KM ЖЕНИ | 11KM МЪЖЕ | 11KM ЖЕНИ | 5.5KM МЪЖЕ | 5.5KM ЖЕНИ | 1КМ ДЖУДЖЕТА | 1КМ ДЖУДЖАНКИ,
https://trailseries.bg/xmas-run16-results/,xmas-run16-results,The Christmas Run - results,1,15KM | 11KM | 5.5KM,
https://trailseries.bg/zheleznitsa-2-0-20-jan/,zheleznitsa-2-0-20-jan,Железница 2.0 - 20 януари,3,Жени | Мъже,
